id,label,connect to,from
BasicArithmetic,Basic Arithmetic,NumberSense;Counting;PlaceValue,None
NumberSense,Number Sense,Addition;Subtraction;Multiplication;Division,BasicArithmetic
Counting,Counting,Addition;Subtraction,BasicArithmetic
PlaceValue,Place Value,Addition;Subtraction;Multiplication;Division,BasicArithmetic
Addition,Addition,Subtraction;Multiplication,NumberSense;Counting;PlaceValue
Subtraction,Subtraction,Multiplication;Division,NumberSense;Counting;PlaceValue
Multiplication,Multiplication,Division;Fractions,Addition;Subtraction
Division,Division,Fractions;Decimals,Multiplication
Fractions,Fractions,Decimals;Percentages;Ratios,Division;Multiplication
Decimals,Decimals,Percentages;Ratios,Fractions;Division
Percentages,Percentages,Ratios;Proportions,Fractions;Decimals
Ratios,Ratios,Proportions;Exponents,Percentages;Fractions
Proportions,Proportions,Exponents;Roots,Ratios;Percentages
Exponents,Exponents,Roots;OrderOfOperations,Multiplication;Proportions
Roots,Roots,OrderOfOperations;Variables,Exponents
OrderOfOperations,Order of Operations,Variables;SimpleEquations,Exponents;Roots
Variables,Variables,SimpleEquations;Inequalities,OrderOfOperations
SimpleEquations,Simple Equations,Inequalities;CoordinatePlane,Variables;OrderOfOperations
Inequalities,Inequalities,CoordinatePlane;GraphingLines,SimpleEquations
CoordinatePlane,Coordinate Plane,GraphingLines;Functions,SimpleEquations;Inequalities
GraphingLines,Graphing Lines,SlopeInterceptForm;SystemsOfEquations,CoordinatePlane;Inequalities
SlopeInterceptForm,Slope-Intercept Form,SystemsOfEquations;Functions,GraphingLines
SystemsOfEquations,Systems of Equations,Functions;QuadraticEquations,SlopeInterceptForm;GraphingLines
Functions,Functions,QuadraticEquations;Polynomials,SlopeInterceptForm;SystemsOfEquations
QuadraticEquations,Quadratic Equations,Polynomials;Factoring,Functions;SystemsOfEquations
Polynomials,Polynomials,Factoring;RationalExpressions,QuadraticEquations;Functions
Factoring,Factoring,RationalExpressions;RadicalExpressions,Polynomials;QuadraticEquations
RationalExpressions,Rational Expressions,RadicalExpressions;ComplexNumbers,Factoring;Polynomials
RadicalExpressions,Radical Expressions,ComplexNumbers;ExponentialFunctions,RationalExpressions;Factoring
ComplexNumbers,Complex Numbers,ExponentialFunctions;Logarithms,RadicalExpressions;RationalExpressions
ExponentialFunctions,Exponential Functions,Logarithms;SequencesSeries,ComplexNumbers;RadicalExpressions
Logarithms,Logarithms,SequencesSeries;Probability,ExponentialFunctions;ComplexNumbers
SequencesSeries,Sequences and Series,Probability;Statistics,ExponentialFunctions;Logarithms
Probability,Probability,Statistics;Combinatorics,SequencesSeries;Logarithms
Statistics,Statistics,DataAnalysis;HypothesisTesting,Probability;SequencesSeries
Combinatorics,Combinatorics,NumberTheory;DiscreteMath,Probability;SequencesSeries
GeometryBasics,Geometry Basics,Angles;Triangles;Congruence,BasicArithmetic;NumberSense
Angles,Angles,Triangles;TrigonometryBasics,GeometryBasics
Triangles,Triangles,Congruence;Similarity;PythagoreanTheorem,Angles;GeometryBasics
Congruence,Congruence,Similarity;Transformations,Triangles;Angles
Similarity,Similarity,PythagoreanTheorem;Transformations,Congruence;Triangles
PythagoreanTheorem,Pythagorean Theorem,Circles;TrigonometryBasics,Triangles;Similarity
Circles,Circles,Polygons;TrigonometryBasics,PythagoreanTheorem;GeometryBasics
Polygons,Polygons,PerimeterArea;VolumeSurfaceArea,Circles;GeometryBasics
PerimeterArea,Perimeter and Area,VolumeSurfaceArea;CoordinatePlane,Polygons;GeometryBasics
VolumeSurfaceArea,Volume and Surface Area,Transformations;Vectors,PerimeterArea;Polygons
Transformations,Transformations,TrigonometryBasics;Vectors,Congruence;Similarity
TrigonometryBasics,Trigonometry Basics,SineCosineTangent;TrigIdentities,Angles;PythagoreanTheorem
SineCosineTangent,Sine/ Cosine/ and Tangent,TrigIdentities;Vectors,TrigonometryBasics;Angles
TrigIdentities,Trigonometric Identities,Vectors;CalculusLimits,SineCosineTangent;TrigonometryBasics
Vectors,Vectors,Matrices;CalculusLimits,TrigIdentities;Transformations
Matrices,Matrices,Determinants;LinearAlgebra,Vectors
Determinants,Determinants,LinearAlgebra,Matrices
LinearAlgebra,Linear Algebra,CalculusLimits;DifferentialEquations,Matrices;Determinants
CalculusLimits,Calculus - Limits,Derivatives;Integrals,TrigIdentities;LinearAlgebra
Derivatives,Derivatives,Integrals;DifferentialEquations,CalculusLimits
Integrals,Integrals,DifferentialEquations;MultivariableCalculus,Derivatives
DifferentialEquations,Differential Equations,MultivariableCalculus;ComplexAnalysis,Derivatives;Integrals
MultivariableCalculus,Multivariable Calculus,LinearProgramming;DifferentialGeometry,DifferentialEquations
LinearProgramming,Linear Programming,Optimization;NumericalMethods,MultivariableCalculus;LinearAlgebra
ComplexAnalysis,Complex Analysis,NumberTheory;FunctionalAnalysis,DifferentialEquations;ComplexNumbers
NumberTheory,Number Theory,ModularArithmetic;CryptographyBasics,ComplexAnalysis;Combinatorics
ModularArithmetic,Modular Arithmetic,CryptographyBasics;GroupTheory,NumberTheory
CryptographyBasics,Cryptography Basics,DiscreteMath,ModularArithmetic;NumberTheory
DiscreteMath,Discrete Mathematics,SetTheory;Logic,CryptographyBasics;Combinatorics
SetTheory,Set Theory,Logic;GraphTheory,DiscreteMath
Logic,Logic,GraphTheory,SetTheory;DiscreteMath
GraphTheory,Graph Theory,TopologyBasics,Logic;SetTheory
TopologyBasics,Topology Basics,GroupTheory;AlgebraicTopology,GraphTheory;GeometryBasics
GroupTheory,Group Theory,RingTheory;FieldTheory,ModularArithmetic;TopologyBasics
RingTheory,Ring Theory,FieldTheory,GroupTheory
FieldTheory,Field Theory,None,RingTheory;GroupTheory
RealAnalysis,Real Analysis,MetricSpaces;MeasureTheory,CalculusLimits;Functions
MetricSpaces,Metric Spaces,MeasureTheory;FunctionalAnalysis,RealAnalysis
MeasureTheory,Measure Theory,ProbabilityTheory;FunctionalAnalysis,MetricSpaces;RealAnalysis
ProbabilityTheory,Probability Theory,StochasticProcesses;GameTheory,MeasureTheory;Statistics
GameTheory,Game Theory,Optimization;MathematicalModeling,ProbabilityTheory
MathematicalModeling,Mathematical Modeling,NumericalMethods;DataAnalysis,GameTheory;DifferentialEquations
NumericalMethods,Numerical Methods,Optimization;MachineLearningBasics,MathematicalModeling;LinearProgramming
Optimization,Optimization,MachineLearningBasics;DataAnalysis,NumericalMethods;LinearProgramming
DataAnalysis,Data Analysis,MachineLearningBasics;RegressionAnalysis,Statistics;MathematicalModeling
MachineLearningBasics,Machine Learning Basics,RegressionAnalysis;TimeSeriesAnalysis,DataAnalysis;Optimization
StatisticalInference,Statistical Inference,HypothesisTesting;RegressionAnalysis,Statistics
HypothesisTesting,Hypothesis Testing,RegressionAnalysis;TimeSeriesAnalysis,StatisticalInference
RegressionAnalysis,Regression Analysis,TimeSeriesAnalysis;MachineLearningBasics,HypothesisTesting;DataAnalysis
TimeSeriesAnalysis,Time Series Analysis,StochasticProcesses;MachineLearningBasics,RegressionAnalysis;HypothesisTesting
StochasticProcesses,Stochastic Processes,ChaosTheory;DynamicalSystems,ProbabilityTheory;TimeSeriesAnalysis
ChaosTheory,Chaos Theory,DynamicalSystems;Fractals,StochasticProcesses;DifferentialEquations
Fractals,Fractals,DynamicalSystems;ComplexAnalysis,ChaosTheory
DynamicalSystems,Dynamical Systems,QuantumMechanicsMath;DifferentialGeometry,ChaosTheory;StochasticProcesses
QuantumMechanicsMath,Quantum Mechanics Mathematics,RelativityMath;TensorCalculus,DynamicalSystems;ComplexAnalysis
RelativityMath,Relativity Mathematics,DifferentialGeometry;TensorCalculus,QuantumMechanicsMath
DifferentialGeometry,Differential Geometry,TensorCalculus;AlgebraicTopology,MultivariableCalculus;RelativityMath
TensorCalculus,Tensor Calculus,FunctionalAnalysis;LieAlgebras,DifferentialGeometry;RelativityMath
FunctionalAnalysis,Functional Analysis,LieAlgebras;CategoryTheory,MeasureTheory;TensorCalculus
AlgebraicTopology,Algebraic Topology,CategoryTheory;KnotTheory,DifferentialGeometry;TopologyBasics
CategoryTheory,Category Theory,KnotTheory;AdvancedCombinatorics,AlgebraicTopology;FunctionalAnalysis
LieAlgebras,Lie Algebras,KnotTheory,TensorCalculus;FunctionalAnalysis
KnotTheory,Knot Theory,AdvancedCombinatorics,AlgebraicTopology;LieAlgebras
AdvancedCombinatorics,Advanced Combinatorics,None,KnotTheory;CategoryTheory